{
    "transform": [
        [
            0.9999998211860657,
            -0.0005712340935133398,
            -4.473536682780832e-05,
            -0.0019937967881560326
        ],
        [
            -4.473536682780832e-05,
            -0.1556723266839981,
            0.9878087639808655,
            -0.9948908090591431
        ],
        [
            -0.0005712340935133398,
            -0.9878085851669312,
            -0.1556723266839981,
            -0.00275518000125885
        ]
    ],
    "scale": 0.9879970823927253
}