{
    "transform": [
        [
            0.9999997615814209,
            0.0006947670481167734,
            5.621035234071314e-05,
            -0.003333368105813861
        ],
        [
            5.621035234071314e-05,
            -0.1607583463191986,
            0.9869937896728516,
            -0.9527026414871216
        ],
        [
            0.0006947670481167734,
            -0.9869935512542725,
            -0.1607583463191986,
            0.004595816135406494
        ]
    ],
    "scale": 1.0494454655682233
}