{
    "transform": [
        [
            0.9947658181190491,
            0.102179154753685,
            -0.0006249749567359686,
            -0.09837924689054489
        ],
        [
            -0.0006249749567359686,
            0.012200453318655491,
            0.9999253749847412,
            -0.2598786950111389
        ],
        [
            0.102179154753685,
            -0.9946911931037903,
            0.012200453318655491,
            -0.08897002786397934
        ]
    ],
    "scale": 3.516790745993589
}